<?xml version="1.0" encoding="UTF-8"?>
<!DOCTYPE suite SYSTEM "https://testng.org/testng-1.0.dtd">
<suite name="Loan Department">
  <test thread-count="5" name="Personal Loan">
	<parameter name="URL" value="personalloandepartment.com"/>
    <classes>
      <class name="test.Day1"/>
      <class name="test.Day2"/>
    </classes>
  </test>
  
  <test name="Car Loan">
	<parameter name="URL" value="carloandepartment.com"/>
	<classes>
	 <class name="test.Day3">
	  <methods>
		<exclude name="mobileLoginCar"/>
	  </methods>
	 </class>		
	</classes>
  </test>
	
  <test name="Home Loan">
	<parameter name="URL" value="homeloandepartment.com"/>
	<parameter name="APIKey" value="123456"/>
	<classes>
	 <class name="test.Day4">
		<methods>
			<exclude name="api.*"/>
		</methods>
	 </class>		
	</classes>
  </test>	
   
</suite>
